Text,Sentiment
enjoying beautiful day park,Positive
traffic terrible morning,Negative
finished amazing workout,Positive
excited upcoming weekend getaway,Positive
trying new recipe dinner tonight,Neutral
feeling grateful little thing life,Positive
rainy day call cozy blanket hot cocoa,Positive
new movie release mustwatch,Positive
political discussion heating timeline,Negative
missing summer vibe beach day,Neutral
published new blog post check,Positive
feeling bit weather today,Negative
exploring city hidden gem,Positive
new year new fitness goal,Positive
technology changing way live,Neutral
reflecting past looking ahead,Positive
adopted cute furry friend,Positive
latenight gaming session friend,Positive
attending virtual conference ai,Neutral
winter blue got feeling low,Negative
sipping coffee enjoying good book,Positive
exploring world virtual reality,Positive
productive day ticking todo list,Positive
finished challenging workout routine,Positive
celebrating milestone work,Positive
sunday brunch friend,Positive
learning new language personal growth,Positive
quiet evening good book,Positive
reflecting importance mental health,Positive
new painting progress,Positive
weekend road trip explore scenic view,Positive
enjoying cup tea watching sunset,Positive
coding new project enthusiasm,Positive
feeling inspired attending workshop,Positive
winter sport day local park,Positive
quality time family weekend,Positive
attending live music concert tonight,Positive
practicing mindfulness meditation,Positive
trying new dessert recipe,Positive
excited upcoming gaming tournament,Positive
planning garden makeover spring,Positive
celebrating friend birthday tonight,Positive
feeling accomplished productive day,Positive
cozy evening good movie,Positive
exploring local art gallery weekend,Positive
new book release favorite author,Positive
attending virtual reality meetup,Positive
reflecting beauty nature,Positive
cooking special dinner loved one,Positive
feeling optimistic week ahead,Positive
starting new fitness challenge tomorrow,Positive
sunday bike ride scenic trail,Positive
cant believe injustice happening society,Negative
feeling sense fear watching thriller movie,Negative
heartbroken hearing news natural disaster,Negative
state world environment disgusting,Negative
pure happiness celebrating loved one achievement,Positive
laughter best medicineenjoying comedy show,Positive
sharing love positive vibe everyone,Positive
amusing incident brightened day,Positive
enjoying quiet evening book tea,Positive
admiring beauty nature peaceful hike,Positive
sending affectionate vibe follower,Positive
experiencing awe breathtaking sunset,Positive
disappointed service local restaurant,Negative
surprise gift friend made day,Positive
finding acceptance midst life challenge,Positive
overflowing adoration adorable pet,Positive
anticipating thrilling adventure coming week,Positive
bitter experience turned valuable lesson,Negative
finding calmness midst busy day,Neutral
confusion cloud mind navigate decision,Neutral
excitement building upcoming vacation,Positive
kindness witnessed today restored faith humanity,Positive
pride achieving personal milestone,Positive
moment shame standing injustice,Negative
fuming anger heated argument,Negative
fear unknown keeping night,Negative
heartfelt sadness bidding farewell dear friend,Negative
state corruption society utterly disgusting,Negative
overflowing happiness welcoming new family member,Positive
laughter key joyattending standup comedy show,Positive
sending love follower beautiful day,Positive
amused antic petits pure amusement,Positive
enjoying every moment trippure enjoyment,Positive
admiring dedication volunteer local charity,Positive
sending affectionate vibe friend family,Positive
awestruck beauty night sky,Positive
disappointed lack progress personal project,Negative
surprise visit old friend brought tear joy,Positive
embracing acceptance life ups down,Positive
overflowing adoration cute rescue puppy,Positive
anticipating release muchawaited movie,Positive
bitter experience customer service department,Negative
finding calmness amidst chaos daily life,Neutral
confusion reign try make sense recent event,Neutral
excitement building surprise birthday party,Positive
witnessed act kindness made day,Positive
pride completing challenging fitness challenge,Positive
moment shame speaking injustice,Negative
reflecting beauty diversity world,Positive
excitement quiet evening good book,Positive
feeling bitter unfairness workplace,Negative
calmness prevails practice mindfulness,Neutral
confusion surround navigate life choice,Neutral
excitement weekend road trip explore new place,Positive
kindness witnessed today restores faith humanity,Positive
pride accomplishing personal professional goal,Positive
shame true value difficult situation,Negative
revisiting old memory feeling sense elation,Positive
victory team brought euphoria city,Positive
embracing beauty nature moment contentment,Positive
meditating serene lake finding inner peace,Neutral
overflowing gratitude life blessing,Positive
hopeful brighter tomorrow despite challenge,Positive
empowered make difference community,Positive
compassion action supporting local charity event,Positive
moment tenderness connecting loved one,Positive
arousal excitement await special announcement,Positive
enthusiastically diving new project,Positive
feeling sense fulfillment reaching milestone,Positive
reverence beauty historic landmark,Positive
elation surprise reunion old friend,Positive
euphoria live music concert star,Positive
contentment simplicity quiet sunday,Positive
serenity found page favorite book,Neutral
gratitude support received tough time,Positive
hopeful possibility new journey,Positive
empowerment learning personal growth,Positive
compassion towards need holiday,Positive
tenderness warmth cozy winter evening,Positive
arousal excitement upcoming adventure,Positive
enthusiasm creative project making,Positive
fulfillment completing challenging workout routine,Positive
reverence artistry displayed museum,Positive
elation achieving personal goal,Positive
elation discovering hidden gem city,Positive
euphoria surprise birthday celebration,Positive
contentment simplicity homecooked meal,Positive
serenity found melody peaceful piano,Neutral
gratitude supportive community around,Positive
hopeful prospect new business venture,Positive
empowerment mentoring guiding others,Positive
compassion shown act kindness community,Positive
tenderness heartfelt message loved one,Positive
arousal excitement muchawaited trip,Positive
enthusiasm new artistic project work,Positive
feeling sense fulfillment helping others,Positive
reverence historical significance landmark,Positive
elation achieving fitness milestone,Positive
euphoria successful product launch,Positive
contentment embrace loved one,Positive
serenity found beauty sunset sea,Neutral
gratitude small joy day brings,Positive
hopeful potential personal growth,Positive
empowerment learning new skill,Positive
compassion volunteering local charity,Positive
tenderness quiet moment shared pet,Positive
arousal excitement upcoming festival,Positive
enthusiasm diy home improvement project,Positive
fulfillment completing challenging puzzle,Positive
reverence wonder nature hiking trail,Positive
elation surprise reunion childhood friend,Positive
suffering despair another setback,Negative
overwhelmed grief missing loved one dearly,Negative
loneliness creep night grows colder,Negative
jealousy consumes witness others success,Negative
resentment building past betrayal,Negative
frustration mount obstacle block path,Negative
boredom set day feel endlessly dull,Negative
anxiety grip heart worry cloud thought,Negative
intimidation unknown future ahead,Negative
helplessness sink challenge pile,Negative
envy eats away see others prosperity,Negative
regret missed opportunity haunt thought,Negative
disgust sight injustice cruelty,Negative
drowning despair hope slipping finger,Negative
grief weighs heavy tear constant companion,Negative
loneliness crowded room silent cry connection,Negative
jealousy gnaws confidence toxic emotion,Negative
resentment fester poisoning relationship,Negative
frustration boil volcanic eruption emotion,Negative
boredom settle like dust life feel mundane,Negative
anxiety grip chest relentless grip thought,Negative
intimidation challenge ahead fear take hold,Negative
helplessness engulfs drowning sea problem,Negative
envy poison thought coveting others success,Negative
regret decision led painful present,Negative
disgust corruption stain society,Negative
sinking despair day darker last,Negative
grief overwhelms storm emotion within,Negative
loneliness echo empty space yearning connection,Negative
jealousy poison thought resentment brewing within,Negative
resentment fester wound refuse heal,Negative
frustration escalates thunderstorm emotion,Negative
boredom lingers stagnant pool indifference,Negative
embarking journey discovery fueled curiosity thirst knowledge,Neutral
lost vast sea information indifferent wave digital ocean,Neutral
complex puzzle life leaf state perpetual confusion seeking answer chaos,Neutral
numbness settle shield overwhelming emotion life throw way,Negative
gazing sunset melancholic longing moment slip finger time,Negative
revisiting old photograph caught embrace nostalgia bittersweet symphony,Neutral
torn conflicting emotion ambivalence paint decision shade uncertainty,Neutral
embracing ebb flow life finding acceptance dance existence,Positive
facing challenge headon determination fuel fire within achieve impossible,Positive
serenity found stillness nature tranquil retreat chaos modern world,Neutral
curiosity leading rabbit hole knowledge perpetual student life classroom,Neutral
floating day air indifference detached mundane happening around,Neutral
entangled web thought confusion reigning navigate labyrinth idea,Neutral
numb chaos emotion locked away stoic facade concealing inner turmoil,Negative
melancholy whisper breeze silent conversation echo forgotten dream,Negative
stumbling upon old journal nostalgia flooding wave carrying moment long gone,Neutral
tapestry conflicting feeling weaving uncertainty caught thread ambivalence,Neutral
embracing flaw finding acceptance imperfection journey towards selflove,Positive
determination burning like wildfire overcoming obstacle turning dream reality,Positive
tranquil moment ocean serenity washing peaceful retreat within wave embrace,Neutral
exploring new horizon spark curiosity adventurer vast landscape knowledge,Neutral
drifting day nonchalant demeanor embracing art indifference,Neutral
wrestling thought perplexed mind lost labyrinth life complexity,Neutral
immersed state emotional numbness shield storm daily struggle,Negative
melancholic symphony playing background soundtrack wistful heart,Negative
flipping page old yearbook nostalgia painting smile tear face,Neutral
torn opposing emotion ambivalence color decision shade uncertainty,Neutral
embracing life imperfection finding acceptance journey scar,Positive
fiery determination burning within fueled vision reaching unparalleled height,Positive
basking serenity quiet forest whisper nature bring peace soul,Neutral
indifferent noise world silent observer midst life cacophony,Neutral
navigating labyrinth thought confusion constant companion maze idea,Neutral
impenetrable numbness shield emotional storm fortress stoic resilience,Negative
melancholy painting world hue nostalgia canvas bittersweet memory,Negative
journey past flipping page old diary nostalgia taking lead,Neutral
ambivalence clouding decision caught crossroad conflicting emotion,Neutral
embracing imperfection finding acceptance mosaic life beautiful chaos,Positive
determination driving force propelling forward path extraordinary achievement,Positive
seeking serenity melody raindrop tranquil escape noise everyday life,Neutral
curiosity driving exploration unknown seeker knowledge uncharted territory,Neutral
drifting day air nonchalance indifferent triviality life,Neutral
lost labyrinth thought confusion casting shadow quest clarity,Neutral
wrapped cloak emotional numbness shield storm life turbulence,Negative
melancholy companion painting canvas life brushstrokes wistful yearning,Negative
leafing page old photo album nostalgia weaving tale laughter tear,Neutral
ambivalence air caught crossroad conflicting emotion decision,Neutral
embracing beauty imperfection finding acceptance mosaic life unpredictable art,Positive
determination ablaze forging path challenge sculpting dream tangible reality,Positive
immerse serenity moonlit night quiet whisper nature bring peace soul,Neutral
fueled curiosity venturing uncharted realm fearless explorer mystery world,Neutral
wrapped cloak emotional numbness shield storm life turbulence,Negative
dancing life exuberance carefree spirit embracing joy zest every turn,Positive
basking golden glow contentment serene river flowing landscape heart,Positive
gazing towards horizon hopeful eye painting canvas dream illuminated sun optimism,Positive
standing tall proud oak branch achievement reaching towards sky accomplishment,Positive
heart overflowing gratitude garden appreciation bloom soil kindness connection,Positive
extending hand empathetic thread weaving tapestry understanding embracing joy sorrow others,Positive
compassionate cloud heavy care showering empathy parched ground human suffering,Positive
playfully dancing rain laughter whimsical spirit twirling puddle joy lightheartedness,Positive
soaring wing free spirit unburdened chain conformity painting sky independence,Positive
bathed glow inspiration creative phoenix rising ash ordinary thought explore new realm,Positive
navigating sea hope sailing towards sunrise possibility confident ship positive anticipation,Positive
striding confidence footprint selfassuredness imprinted sand challenge conquered victory claimed,Positive
lost symphony night moonlit serenade whisper tale wanderlust moonlit dream,Neutral
unveiling layer curiosity labyrinth question leading treasure trove undiscovered knowledge,Neutral
embrace autumn breeze leaf ambivalence dancing waltz choice uncertainty,Neutral
gratitude guiding star navigating constellation blessing vast universe life precious moment,Positive
zestful heart sprinting field enthusiasm chasing sunbeam laughter meadow joy,Positive
compassionate rain tear empathy falling gently nurturing seed kindness garden human connection,Positive
proudly scaling peak achievement mountaineer conquering challenge planting flag success,Positive
embraced hopeful dawn gardener sowing seed optimism tending bloom brighter tomorrow,Positive
playful escapade carnival life carousel laughter cotton candy dream swirling joyous atmosphere,Positive
floating cloud inspiration artist painting sky stroke creativity creating masterpiece dream,Positive
navigating river contentment serene boat cruise tranquil water inner peace acceptance,Positive
empathy lantern wandering dark alley sorrow illuminating path compassion care,Positive
free spirit soaring wing dream leaving trail independence azure sky boundless possibility,Positive
bathed golden hue gratefulness sunset appreciation casting warm glow landscape heart,Positive
confident stride dance life ballroom selfassuredness lead twirling challenge grace,Positive
hopeful whisper wind carrying promise brighter tomorrow symphony optimism air possibility,Positive
playfully juggling responsibility circus performer balancing act work joy tossing laughter air,Positive
whispering tale inspiration star storyteller crafting constellation thread imagination,Positive
charting course wave hopeful anticipation sailor steering towards shore dream yet unexplored,Positive
compassionate rain tear empathy falling gently nurturing seed kindness garden human connection,Positive
proudly scaling peak achievement mountaineer conquering challenge planting flag success,Positive
embraced hopeful dawn gardener sowing seed optimism tending bloom brighter tomorrow,Positive
playful escapade carnival life carousel laughter cotton candy dream swirling joyous atmosphere,Positive
floating cloud inspiration artist painting sky stroke creativity creating masterpiece dream,Positive
navigating river contentment serene boat cruise tranquil water inner peace acceptance,Positive
empathy lantern wandering dark alley sorrow illuminating path compassion care,Positive
free spirit soaring wing dream leaving trail independence azure sky boundless possibility,Positive
bathed golden hue gratefulness sunset appreciation casting warm glow landscape heart,Positive
confident stride dance life ballroom selfassuredness lead twirling challenge grace,Positive
hopeful whisper wind carrying promise brighter tomorrow symphony optimism air possibility,Positive
playfully juggling responsibility circus performer balancing act work joy tossing laughter air,Positive
whispering tale inspiration star storyteller crafting constellation thread imagination,Positive
charting course wave hopeful anticipation sailor steering towards shore dream yet unexplored,Positive
compassionate rain tear empathy falling gently nurturing seed kindness garden human connection,Positive
proudly scaling peak achievement mountaineer conquering challenge planting flag success,Positive
embraced hopeful dawn gardener sowing seed optimism tending bloom brighter tomorrow,Positive
playful escapade carnival life carousel laughter cotton candy dream swirling joyous atmosphere,Positive
drowning abyss despair heart shattered fragment lost echoing silence hopelessness,Negative
bitterness festering like venomous vine entwining soul web resentment poisoning garden peace,Negative
wandering desert loneliness step heavy sigh mirage connection shimmering never materializing,Negative
yearning touch thats echo distant warmth haunting heart cold embrace solitude,Negative
eye wide open night fearful shadow dancing wall mind prisoner imagined horror,Negative
apprehensive step tightrope uncertainty balancing act fall seems inevitable anxiety constant companion,Negative
overwhelmed weight world atlas trembling shoulder responsibility boulder landscape exhaustion,Negative
jealousy greeneyed monster lurking shadow casting dark cloud sunshine others success,Negative
devastated storm betrayal wreckage trust scattered like debris heart torn wind broken promise,Negative
frustrated finger tapping keyboard symphony annoyance composing unsolvable puzzle unmet expectation,Negative
envious eye fixated gilded prize heartache fueled painful desire possession seem forever reach,Negative
dismissive glance fortress built indifference wall impenetrable plea understanding recognition,Negative
shattered dream lie floor like fragment glass mosaic disappointment crafted hand frustration,Negative
loneliness silent companion night echo chamber solitude heart solitary nocturne,Negative
fearful whisper dark mind haunted specter unknown shadow dancing rhythm anxiety tune,Negative
bitterness bitter aftertaste lingering tongue word reminder wound refuse heal passing time,Negative
overwhelmed cacophony expectation drowning soul tempest pressure struggling stay afloat,Negative
jealousy venom seeps vein poisoning heart turning breeding ground discontent,Negative
devastated revelation betrayal trust shattered like fragile glass leaving shard pain wake,Negative
frustrated attempt mend broken connection thread understanding slipping finger like grain sand,Negative
envious gaze cast upon podium success bitter pill swallowed taste lingering constant reminder unattained height,Negative
dismissive gesture curtain drawn shield vulnerability stage emotion take backseat performance indifference,Negative
despair like heavy fog enveloping every thought blurring path ahead journey labyrinth utter hopelessness,Negative
bitterness bitter chill air freezing moment icicle resentment dangle precariously landscape memory,Negative
loneliness solitary moon starless sky casting cold glow landscape isolation echo bounce empty space,Negative
yearning warmth vanished sun heartache painted hue sunset never graced horizon,Negative
fearful eye scanning shadow prisoner night terrorized lurking monster born mind darkest corner,Negative
apprehensive whisper wind forecast uncertainty mind weather vane spinning wildly storm doubt,Negative
overwhelmed maze expectation minotaur pressure lurking labyrinth waiting devour spirit resilience,Negative
jealousy festering wound pain intensifying glance garden others achievement blooming beyond fence,Negative
devastated heart ruin echo shattered dream reverberating chamber requiem whole,Negative
frustrated attempt untangle knot confusion thread understanding slipping labyrinth miscommunication,Negative
envious eye locked treasure chest opportunity heartache fueled desire key seem forever elusive,Negative
dismissive gesture curtain drawn shield vulnerability stage emotion take backseat performance indifference,Negative
shattered dream lie floor like fragment glass mosaic disappointment crafted hand frustration,Negative
loneliness silent companion night echo chamber solitude heart solitary nocturne,Negative
awestruck breathtaking sunrise mountain,Positive
navigating challenge determination,Positive
nostalgia hit flipping old photo album,Neutral
thrilled witness grandeur cultural festival,Positive
calmness found rhythm raindrop windowpane,Neutral
overwhelmed support received personal challenge,Negative
excitement build countdown longawaited vacation begin,Positive
reflecting life journey grateful lesson learned,Positive
curiosity sparked exploring mysterious ancient ruin,Neutral
admiration intricate detail handcrafted masterpiece,Positive
overjoyed warmth cozy fireplace winter evening,Positive
inspiration strike observing color vibrant sunset,Positive
motivated achieve fitness goal invigorating workout,Positive
gratitude simple joy found cup morning coffee,Positive
feeling empowered conquering challenging hiking trail,Positive
amused antic playful kitten playtime,Positive
contemplating life mystery starry night sky,Neutral
joyful reunion longlost friend year separation,Positive
excitement build preparing surprise celebration,Positive
satisfaction derived successfully completing diy project,Positive
feeling blessed supportive community time need,Positive
captivated serenity tranquil garden full bloom,Neutral
anticipation upcoming adventure exotic destination,Positive
reflecting personal growth achieved life experience,Neutral
nostalgic memory flood revisiting childhood favorite,Neutral
appreciation vibrant culture experienced travel,Positive
confidence soar overcoming public speaking anxiety,Positive
contentment midst family gathering filled laughter,Positive
enthusiasm learning new skill expanding knowledge,Positive
surprise delight discovering hidden gem city,Positive
sense accomplishment completing challenging workout,Positive
wonderment beauty double rainbow rain,Positive
optimism bright future amidst challenging time,Positive
pride achieving personal milestone career progression,Positive
happiness bloom like flower garden sunny day,Positive
elation discovering rare book quaint bookstore,Positive
curiosity piqued mystery ancient archaeological site,Neutral
mesmerized cosmic dance firefly moonlit night,Positive
intrigued symphony color abstract art exhibition,Positive
giggle joy echo air childrens playdate,Positive
enveloped serenity practicing mindfulness lake,Positive
chasing dream like kite soaring high vast open sky,Positive
spellbound elegance ballroom dance crystal chandelier,Positive
whimsical delight world fairy tale magical creature,Positive
pensive contemplation amid ancient ruin forgotten civilization,Neutral
embracing thrill speed rollercoasters exhilarating twist,Positive
harmony resonates musician play melody unity togetherness,Positive
burst creativity quiet solitude artist studio,Positive
radiant joy akin blooming flower sunkissed spring morning,Positive
sense wonder vastness cosmos stargazing night,Positive
rejuvenated salty breeze sound wave seaside,Positive
whisper inspiration rustling leaf serene forest,Positive
savoring warmth cup cocoa chilly winter evening,Positive
heartfelt gratitude laughter shared family reunion,Positive
embarking culinary adventure savoring exotic flavor around world,Positive
euphoria flood final puzzle piece click place,Positive
aweinspired grandeur ancient cathedral intricate architecture,Positive
captivated ethereal beauty field filled firefly,Positive
immersed enchanting melody street musician violin,Positive
joyful laughter resonates lively summer carnival,Positive
exploring universe within mindful meditation session,Neutral
soaring like free spirit wind coastal cliff,Positive
dazzled elegance masquerade ball dazzling costume,Positive
whimsical delight world whimsical fairy tale,Positive
reflective contemplation amid ruin forgotten era,Neutral
riding adrenaline rush rollercoasters wild twist,Positive
harmony resonates musician play symphony unity,Positive
burst artistic creativity quietude artist studio,Positive
radiant joy akin blossoming flower sunlit spring morning,Positive
aweinspired vastness cosmos stargazing night,Positive
rejuvenated salty breeze sound wave seaside,Positive
whisper inspiration rustling leaf serene forest,Positive
savoring warmth cup cocoa chilly winter evening,Positive
heartfelt gratitude laughter shared family reunion,Positive
embarking culinary odyssey savoring flavor around world,Positive
euphoria flood final puzzle piece fit perfectly,Positive
awestruck grandeur ancient cathedral intricate architecture,Positive
curiosity awakened mystery ancient archaeological site,Neutral
giddy excitement first snowflake dance sky,Positive
contentment envelops aroma freshly baked bread fill air,Positive
inspired resilience lone tree standing tall storm,Positive
drenched nostalgia flipping old family photo album,Neutral
spark inspiration ignites like shooting star night sky,Positive
imbued gratitude simple pleasure warm cup tea,Positive
marveling kaleidoscope color vibrant street market,Positive
awash serenity sun set tranquil lakeside retreat,Neutral
drowning sorrow memory lost love resurface,Negative
numbness set weight loneliness grows heavier,Negative
tear fall like raindrop mourning end cherished friendship,Negative
despair cloud mind feeling adrift endless sea darkness,Negative
shattered betrayal trust crumbles like fragile glass,Negative
aching heart symphony pain play silence solitude,Negative
emotional storm whirlwind sadness engulfs every thought,Negative
haunted regret ghost past lingers relentlessly,Negative
torn apart grief echo loss reverberate soul,Negative
isolation deepens emotional winter warmth distant memory,Negative
soulcrushing disappointment hope shattered like fragile glass,Negative
painful echo love cherished lost abyss time,Negative
heartache deepens solitary journey abyss despair,Negative
melancholy lingers bittersweet serenade quietude solitude,Negative
bitterness like poison seeping every crevice wounded heart,Negative
emotional exhaustion weight world crushing weary shoulder,Negative
sorrowful echo symphony pain played string loss,Negative
darkness descends engulfing soul shadow despair,Negative
desperation whisper silent plea glimmer hope abyss,Negative
heart ruin remnant shattered dream scattered wind,Negative
shattered echo shattered dream fragment hope scattered,Negative
avoiding thorn regret walking barefoot path remorse,Negative
labyrinth grief wall echo footstep lost joy,Negative
soul adrift sea solitude wave loneliness crashing relentlessly,Negative
bitterness betrayal taste lingers staining palate trust,Negative
ruin hope echo shattered dream whisper tale loss,Negative
sinking like stone ocean heartbreak ripple sigh despair,Negative
tear ink staining page journal testament silent grief,Negative
wasteland lost trust echo broken promise reverberate,Negative
avoiding shard shattered dream walking tightrope resilience,Positive
suffocating silence solitude echo laughter thrived,Negative
haunted specter lost possibility ghost refuse fade away,Negative
labyrinth despair echo broken heart reverberate endlessly,Negative
sinking like autumn leaf river sorrow carried away current,Negative
garden broken dream petal fall silent testimony shattered hope,Negative
tear currency grief spent marketplace lost love longing,Negative
wandering maze betrayal wall closing every wrong turn,Negative
soul weathered storm heartbreak seeking refuge calm,Negative
tapestry despair thread hope unravel leaving portrait sorrow,Negative
like withered rose garden love petal fall silent surrender time,Negative
void heartache echo love song play note pang longing,Negative
nostalgia bittersweet dance moonlit ballroom cherished memory,Neutral
symphony grief tear note composing melancholic melody,Negative
betrayal venomous serpent slithering garden trust poisoning root,Negative
sinking quicksand despair harder fight deeper descend,Negative
wandering cemetery lost dream tombstone marking untold sorrow,Negative
swept away river regret current past refusing release,Negative
whisper lost love linger attic heart forgotten erased,Negative
gallery broken promise shattered vow framed painful exhibition,Negative
echo solitude silent conversation soul shadow,Neutral
dancing sunshine step celebration joy found simple moment,Positive
laughter echo air chorus happiness lift spirit higher,Positive
garden contentment bloom whisper tale inner peace joy,Positive
chasing dream vibrant sky journey fueled hope enthusiasm,Positive
serenading star heart full gratitude melody thankfulness,Positive
basking glow accomplishment milestone stepping stone happiness,Positive
dance positivity every step rhythm uplifting soul harmony,Positive
overflowing joy cup laughter shared friend moment cherished,Positive
draped warmth kindness quilt compassion stitched love,Positive
garden friendship bloom testament beauty camaraderie,Positive
embrace love heartbeat melody dancing rhythm affection,Positive
surrounded color joy canvas painted laughter endless smile,Positive
symphony excitement note burst energy igniting soul fervor,Positive
surprise gift wrapped anticipation unfolds moment delight wonder,Positive
lost maze curiosity twist turn unveils treasure discovery,Neutral
floating cloud gratitude raindrop blessing shower thankfulness,Positive
like comet inspiration streaking sky creativity leaving trail brilliance,Positive
celebration success firework accomplishment light night sky triumph,Positive
symphony laughter note key unlocking door boundless happiness,Positive
carnival emotion rollercoaster thrill sends heart wild ride,Positive
standing grandeur eiffel tower moment reflect beauty parisian dream,Neutral
lost enchantment disneyland ride journey realm childhood fantasy,Positive
exploring wonder ferrari world roar engine creating symphony speed,Positive
amidst tulip field keukenhof tapestry color paint soul springtime joy,Positive
wandering historical street kyoto step journey heart japan tradition,Positive
embrace grand canyon nature masterpiece moment marvel earth grandeur,Positive
journeying serenity santorini sunset paint sky hue tranquility,Neutral
amazed architectural marvel petra stone telling tale ancient civilization,Positive
embarking gondola ride venice canal reflecting romance timeless city,Positive
summit machu picchu breathtaking panorama whisper secret ancient civilization,Positive
heart new york city time square dazzle light vibrant spectacle urban energy,Positive
captivated historical charm colosseum stone echoing tale gladiator valor,Positive
sailing azure water maldives wave whisper serenity paradise,Neutral
midst amazon rainforest symphony wildlife creates orchestra nature wonder,Positive
walking great wall china step testament ancient engineering marvel,Positive
summit mount fuji breathtaking sunrise paint sky hue accomplishment,Positive
exploring ancient ruin angkor wat stone whispering story khmer civilization,Positive
skiing slope swiss alp turn dance majesty snowcapped peak,Positive
tranquility kyoto bamboo forest whisper ancient zen wisdom echo grove,Neutral
cruising fjord norway icy landscape breathtaking masterpiece nature grandeur,Positive
front row adeles concert note someone like resonates soulstirring emotion,Neutral
dancing star beyoncs live show feeling power single lady every move,Positive
crowd taylor swift concert lyric love story create enchanting fairy tale,Positive
rocking guitar solo queen tribute concert journey back time freddies spirit,Neutral
swaying ed sheerans acoustic melody serene evening filled perfect moment,Neutral
immersed pulsating beat bruno mar concert uptown funk becomes city joy,Positive
michael jackson tribute show moonwalking hit celebration king pop,Positive
swinging rhythm frank sinatra tribute feeling timeless charm fly moon,Positive
mosh pit metallica concert thunderous chord create symphony headbanging ecstasy,Positive
experiencing magic coldplay concert fix becomes beacon hope night,Positive
justin bieber concert infectious beat baby create dance floor unbridled enthusiasm,Positive
spotlight lady gaga show costume change metamorphosis creativity artistry,Positive
immersed soulful melody adele tear flow freely moved emotion hello,Neutral
drenched confetti katy perry concert kaleidoscope color igniting night sky,Positive
audience jayz performance lyric empire state mind become anthem pride,Positive
dancing shakiras rhythmic beat hip swaying hypnotic charm hip dont lie,Positive
u concert anthemic chord without create timeless moment connection,Positive
rocking gun n rose show iconic riff sweet child mine echoing night,Positive
crowd ariana grande concert high note create euphoric symphony,Positive
swaying reggae vibe bob marley tribute concert chord journey jamaica soul,Positive
captivated spellbinding plot twist audience applauds experiencing rollercoaster emotion movie premiere,Positive
credit roll profound sense nostalgia wash reminiscent cherished moment classic film,Neutral
streaming latest web series viewer engrossed character journey feeling sense connection empathy,Positive
film festival indie filmmaker creation receives standing ovation evoking pride sense accomplishment,Positive
watching heartwarming family drama tear flow freely character overcome challenge leaving viewer warm glow,Positive
oscar actor graciously accepts award radiating joy gratitude recognition outstanding performance,Positive
discovering hidden gem world documentary viewer enlightened inspired feeling renewed sense curiosity,Positive
movie credit roll viewer experience mix awe contemplation pondering deeper meaning woven storyline,Neutral
bingewatching thrilling crime series suspense keep viewer edge seat creating rush adrenaline,Neutral
closing scene unfolds sense satisfaction wash completing cinematic journey profound fulfilling ending,Positive
celebrating historic victory world cup nation erupts joy united triumph football team,Positive
olympics athlete perseverance shine earning gold medal inspiring generation remarkable achievement,Positive
cricket championship nailbiting finish leaf fan edge seat experiencing rollercoaster emotion,Positive
witnessing recordbreaking marathon spectator filled awe admiration endurance dedication runner,Positive
tennis grand slam fierce rivalry unfolds captivating fan display skill sportsmanship world stage,Positive
cheering underdog basketball final crowd erupts applause team defies odds claim championship title,Positive
golf tournament golfer precision focus lead stunning victory leaving spectator awe exceptional skill,Positive
experiencing thrill highspeed formula race fan edge seat driver compete championship,Positive
cycling world championship climber conquers challenging terrain symbolizing determination achievement odds,Positive
witnessing heartwarming comeback hockey final fan share tear joy team secures historic victory adversity,Positive
series defeat soccer team face disappointment struggling find silver lining challenging season,Negative
tennis tournament highly anticipated player experience setback leaving fan shock questioning unforeseen turn event,Negative
facing defeat championship boxer reflects challenge vowing return stronger determined next bout,Neutral
midst cycling race tire blowout lead frustration cyclist valiantly try overcome unexpected obstacle,Negative
gymnast unexpected fall routine spark wave sympathy audience highlighting vulnerability sport,Negative
golf tournament missed crucial putt result defeat causing golfer reflect pressure highstakes competition,Negative
experiencing series loss basketball season team grapple frustration determined turn tide renewed effort,Positive
despite meticulous training swimmer face disappointment splitsecond miscalculation cost lead crucial race,Neutral
weightlifter failed attempt personal record result frustration highlighting challenging nature pushing physical limit,Positive
midst soccer match unexpected goal creates moment despair player teammate console encourage,Negative
serene beauty sunset nature unfolds canvas color evoking sense tranquility wonder,Neutral
embarking spontaneous road trip traveler discovers hidden gem creating memory cherished lifetime,Positive
amidst bustling city quiet caf becomes sanctuary reflection cup coffee brings solace wandering mind,Neutral
exploring vibrant street art cultural neighborhood mural tell story infusing city creativity expression,Positive
world science breakthrough discovery unfolds pushing boundary knowledge opening new frontier exploration,Positive
connecting melody live orchestra music enthusiast experience symphony resonates deep within soul,Positive
embracing aroma freshly baked bread home chef find joy art baking creating delicious memory loved one,Positive
wandering historical museum history enthusiast becomes immersed tale past envisioning bygone era,Positive
realm literature captivating novel transport reader distant land weaving tapestry imagination escape,Positive
capturing essence bustling market photographer freeze moment time frame telling unique vibrant story,Positive
underneath city light dancer express emotion graceful movement creating mesmerizing performance night sky,Positive
heart bustling market street food connoisseur indulges culinary adventure savoring diverse flavor aroma,Positive
first snowflake descends winter enthusiast eagerly prepares season frosty delight anticipating magic snowcovered landscape,Positive
amidst page captivating mystery novel reader unravels clue secret experiencing thrilling journey suspense revelation,Positive
surrounded vibrant color flower garden gardener nurture blossom finding joy beauty nature everchanging canvas,Positive
astronomy observatory stargazer marvel vastness cosmos contemplating mystery hidden within celestial expanse,Positive
engulfed aroma freshly brewed coffee writer find inspiration every sip embarking journey creativity prose,Positive
exploring historical architecture ancient city traveler transported bygone era monument whisper tale past,Negative
successfully avoided eye contact crush hallway mission accomplished teencrush stealthmode,Positive
ran snack movie marathon crisis level emergency movienightstruggles teenproblems,Negative
spent hour choosing perfect filter selfie struggle instagram aesthetic real selfiequeen teenvibes,Positive
lost headphone vanish thin air headphonemystery teenlife,Negative
decided study exam ended making meme studying instead procrastination level expert procrastinationnation teenconfessions,Positive
got dressed day remembered saturday oops weekendvibes teenstruggles,Neutral
survived group project without drama miracle happen groupprojectsuccess teenachievements,Positive
entered kitchen intention cook left bag chip cooking overrated anyway masterchefintraining teenhumor,Negative
staring clock class waiting bell ring like exciting event day classcountdown teenlife,Positive
discovered new book series spent whole night reading need sleep anyway bookwormlife latenightreading,Positive
bought new video game played hour forgot eat ultimate gaming session gamerlife nofoodgaming,Positive
spent day bingewatching new series productivity level zero lazyday tvseriesmarathon,Positive
caught latest fashion trend planning shopping spree fashionista trendyteen,Positive
decided learn new instrument day one still trying figure hold musicnovice learningjourney,Negative
spent hour creating perfect playlist every mood music therapy playlistmaker teenmusiclover,Positive
successfully cooked gourmet meal family chef skill unlocked chefmode teenchef,Positive
spontaneously booked weekend getaway adventure awaits travelbug weekendescape,Positive
attended concert danced night away music heartbeat life concertvibes danceallnight,Positive
rediscovered childhood cartoon nostalgiafilled marathon cartoonnostalgia teenmemories,Positive
embarked diy home decor project let hope turn better last time diyadventure teenhomedecor,Positive
spent afternoon museum pretending cultured art enthusiast making museumday teenartlover,Neutral
started blog random thought musing blogging new diary bloggerlife teenblogger,Neutral
relishing peaceful afternoon classic novel quiet moment best moment booklover peacefulafternoon,Positive
reflecting lifetime memory wrinkle tell story embracing beauty aging lifereflections beautyinaging,Positive
exploring world digital art never late discover new passion digitalartistry latebloomer,Neutral
savoring flavor homecooked meal simple joy heart happiness homecooking simplejoys,Positive
embarking journey learning new language mind stay young every new word languagelearning nevertoolate,Neutral
attended classical music concert feeling timeless melody resonate music transcends generation classicalmusic timelessmelodies,Positive
capturing beauty nature photography every snapshot treasure naturephotography seniorphotographer,Positive
reconnecting old friend cup tea friendship true essence companionship oldfriends companionship,Positive
embarked road trip revisit cherished place past nostalgia ultimate travel companion roadtrip nostalgiatour,Positive
joined community choir harmonizing fellow voice music creates bond withstand time communitychoir harmonyinaging,Positive
exploring art meditation finding tranquility stillness mind meditationjourney tranquilmind,Positive
taking stroll garden appreciating beauty blooming flower nature wonder never cease gardenwalk floralbeauty,Positive
sipping favorite vintage wine sip telling story year gone cheer life welllived winelover vintagecheers,Positive
participated community art class unleashing creativity golden year art age limit artclass seniorartistry,Positive
embarking journey writing memoir documenting lifetime experience every story matter memoirwriting seniorstories,Positive
attended lecture history always fascinated lesson past learning lifelong adventure historylecture seniorlearning,Neutral
rediscovered joy cooking traditional family recipe kitchen place cherished memory familyrecipes seniorcooking,Positive
joined nature photography club capturing beauty great outdoors every click connection nature naturephotography seniorphotographer,Positive
attended jazz concert swayed rhythm timeless tune music constant companion golden year jazzconcert seniormusic,Positive
joined writing group penning thought reflection writing journey depth soul writinggroup seniorwriter,Positive
embarked solo travel adventure discovering beauty new place pace solotravel seniorexplorer,Positive
attended vintage car show reminiscing classic ruled road nostalgia every rev vintagecars classicrides,Positive
started community garden growing plant friendship green thumb unite communitygarden seniorgardener,Positive
hosted family dinner laughter echoed louder clinking utensil family heart happiness familydinner seniorhost,Positive
enrolled dance class senior moving rhythm life age number dance floor danceclass seniordancer,Positive
visited art gallery appreciating brushstrokes tell tale creativity art eternal companion artgallery seniorartlover,Positive
started book club senior discussion lively character novel bookclub seniorreaders,Positive
hosted picnic park basking warmth friendship sunshine simple joy timeless memory parkpicnic seniorjoy,Positive
participated local theater production proving stage belongs every age theaterproduction senioractor,Positive
embarked hiking adventure conquering trail relishing beauty nature age number mountaintop hikingadventure seniorhiker,Positive
hosted photography exhibition featuring snapshot life welllived every photo story tell photographyexhibition seniorphotographer,Positive
joined senior cycling club feeling wind hair freedom open road cyclingclub seniorcyclist,Positive
attended wine tasting event savoring richness flavor age like fine wine cheer golden year winetasting seniorwinelover,Positive
started learning ballroom dancing gliding gracefully across dance floor ageless elegance every step ballroomdancing seniordancer,Positive
organized community painting event turning blank canvas masterpiece shared creativity paintingevent seniorartist,Positive
hosted memory lane evening old friend reminiscing adventure shaped life memorylane seniorreminiscing,Positive
joined senior astronomy club stargazing finding wonder vastness cosmos astronomyclub seniorstargazer,Neutral
attended local jazz festival tapping toe tune stood test time music lifelong love affair jazzfestival seniormusiclover,Positive
started blog sharing wisdom gained year proving every day chance learn grow seniorwisdom blog,Positive
participated charity run proving age barrier supporting meaningful cause charityrun seniorrunner,Positive
survived challenging physic exam equation wont defeat,Positive
exploring world coding debugging adventure codingjourney highschoolcoder,Positive
joined school debate team word weapon im ready battle,Positive
started photography club school capturing moment one snapshot time,Positive
daydreaming upcoming prom dress dance fairytale making,Positive
convinced teacher class outdoors learning equation side fresh air,Positive
accidentally spilled paint art class abstract art right artclassadventures highschoolartist,Negative
trying master perfect kickflip skateboard skating weekend like pro,Positive
bonding friend latest kpop sensation fangirling finest,Positive
spent hour perfecting chemistry experiment mixing potion like wizard,Positive
successfully organized surprise birthday party friend party planning expert mode achieved,Positive
joined drama club unleash inner actor light camera action,Positive
got hand latest fantasy novel diving realm magic adventure,Positive
mastering art perfect doodle boring class doodle,Positive
attempting break school record longest handstand wish luck,Positive
hosting sleepover friend weekend preparing night laughter memory,Positive
spent hour tiktok dance realize two left foot dance fail unleashed,Negative
accidentally liked crush old photo stalking profile awkward level maximum,Negative
tried impress crush smooth conversation ended spilling drink smooth level nonexistent,Negative
mastered art creating paper airplane lecture paper plane soaring new height,Positive
trying set new trend juggling textbook class academic juggling unique skill,Positive
planning surprise scavenger hunt friend anticipating thrill excitement,Positive
danced rain celebrate end exam rain dance unexpectedly refreshing,Positive
accidentally sent text meant friend class group chat texting fail oops moment,Negative
tried magic trick impress classmate magic fail rabbit go,Negative
perfecting art creating origami dull lecture origami mastery,Positive
attempting set new record consecutive hacky sack kick hacky sack skill unleashed,Positive
creating secret handshake friend friendship level expert,Positive
embarking mission find best burger joint town burger connoisseur reporting duty,Positive
practicing standup comedy routine upcoming talent show comedy gig making,Positive
accidentally sent love letter wrong person love note fail maximum embarrassment,Negative
attempting impress teacher elaborate science experiment science geek mode activated,Positive
crafting intricate friendship bracelet whole squad friendship level expert weaver,Positive
attempting beat record consecutive cartwheel cartwheel challenge underway,Positive
organizing movie marathon friend popcorn cinematic adventure await,Positive
experimenting new hair color bold change bold semester,Positive
building time capsule capture memory future timetraveling emotion,Positive
accidentally walked wrong classroom first day classroom mixup awkward start,Negative
trying new smoothie recipe healthy start week smoothie enthusiast level,Positive
reflecting challenge school year feeling bit overwhelmed assignment,Negative
encountered meanspirited comment online dealing online hate never easy,Negative
bad day school everything seems going wrong,Negative
feeling making sport team disappointment lingers,Negative
witnessed heated argument cafeteria unpleasant atmosphere lunch,Negative
received notsogreat grade major project academic frustration setting,Negative
dealing personal setback sometimes life throw unexpected challenge,Negative
feeling lonely saturday night sometimes solitude hit harder expected,Negative
experiencing cyberbullying hateful message online disheartening,Negative
caught torrential rainstorm without umbrella today weather bad luck,Negative
missing important event due unforeseen circumstance day filled sadness,Negative
dealing unfounded rumor circulating personal life rumor hurtful,Negative
got flat tire way important meeting talk series bad event,Negative
feeling sense emptiness close friend move away farewell always sad,Negative
facing rejection dream college disheartened determined explore path,Negative
encountering online toxicity gaming session hateful comment ruin fun,Negative
bad hair day feeling selfconscious bad hair day affect confidence,Negative
feeling sense despair major project failure hard work didnt pay time,Negative
experiencing hate comment expressing personal opinion online negativity prevails,Negative
string bad luck constant technology malfunction tech trouble galore,Negative
missing longanticipated event due unexpected circumstance day filled sadness,Negative
trying new study technique upcoming exam exploring different learning strategy,Neutral
organizing community cleanup event cleaner neighborhood promoting environmental awareness,Neutral
sharing favorite book recommendation classmate building mini book club,Neutral
experimenting new recipe school bake sale baking adventure kitchen,Neutral
collaborating school project peer teamwork make dream work,Neutral
attending school club meeting explore new interest dabbling extracurricular activity,Neutral
exploring new parttime job opportunity gaining work experience career development progress,Neutral
attending school assembly stay informed upcoming event announcement staying connected school activity,Neutral
exploring new hobby photography free time capturing moment lens,Neutral
participating science fair showcase unique experiment sharing knowledge peer,Neutral
attending workshop time management enhance organizational skill striving efficiency,Neutral
volunteering local charity event give back community contributing social cause,Neutral
collaborating group project promote teamwork shared responsibility group effort action,Neutral
participating debate club enhance critical thinking communication skill intellectual engagement progress,Neutral
celebrating friend birthday surprise party joyful moment laughter around,Positive
successfully completing challenging coding project excitement overcoming coding hurdle,Positive
attending school talent show support classmate applauding diverse talent display,Positive
exploring new hiking trail friend weekend nature laughter good vibe,Positive
winning friendly sport competition rival school victory celebration full swing,Positive
receiving heartfelt letter pen pal another country connecting across globe,Positive
creating beautiful mural fellow art enthusiast power collaboration creativity,Positive
participating schoolwide art exhibition witnessing creativity spreading positive vibe,Positive
achieving personal best track field competition thrill victory selfimprovement,Positive
collaborating science project received recognition regional fair science triumph smile,Positive
attending surprise birthday party organized friend surrounded love laughter good company,Positive
successfully fundraising school charity initiative joy giving back community,Positive
participating multicultural festival celebrating diversity music dance delicious food,Positive
organizing virtual talent show challenging time bringing smile classmate face,Positive
